﻿<?xml version="1.0" encoding="UTF-8" standalone="yes"?>
<addon id="repository.tesseract" name="Tesseract repository" version="4.0.0.1" provider-name="PiSaucer">
	<extension point="xbmc.addon.repository" name="Tesseract repository">
	<dir>
		<info compressed="false">https://github.com/tvaddonsco/tva-resolvers-repo/raw/master/addons.xml</info>
		<checksum>https://github.com/tvaddonsco/tva-resolvers-repo/raw/master/addons.xml.md5</checksum>
		<datadir zip="true">https://github.com/tvaddonsco/tva-resolvers-repo/raw/master/zips/</datadir>
	</dir>

    <dir>
		<info compressed="false">https://github.com/nrwzum/freelance/raw/master/fun-stuff/addons.xml</info>
		<checksum>https://github.com/nrwzum/freelance/raw/master/fun-stuff/addons.xml.md5</checksum>
		<datadir zip="true">https://github.com/nrwzum/freelance/raw/master/fun-stuff/</datadir>
    </dir>
    <dir>
		<info compressed="false">https://github.com/bridgegirl/lonelycode/raw/master/puffpuffpass/addons.xml</info>
		<checksum>https://github.com/bridgegirl/lonelycode/raw/master/puffpuffpass/addons.xml.md5</checksum>
		<datadir zip="true">https://github.com/bridgegirl/lonelycode/raw/master/puffpuffpass/</datadir>
    </dir>
    <dir>
		<info compressed="false">https://github.com/bradonfire/winnerwinnerchickendinner/raw/master/reference-work/addons.xml</info>
		<checksum>https://github.com/bradonfire/winnerwinnerchickendinner/raw/master/reference-work/addons.xml.md5</checksum>
		<datadir zip="true">https://github.com/bradonfire/winnerwinnerchickendinner/raw/master/reference-work/</datadir>
    </dir>
	</extension>
	<extension point="xbmc.addon.metadata">
		<summary lang="en">Tesseract repository</summary>
		<description lang="en">Tesseract repository</description>
		<platform>all</platform>
		<forum>https://www.tvaddons.co/forums</forum>
        <website>https://www.tvaddons.co</website>

		<assets>
        <icon>icon.png</icon>
        <fanart>fanart.jpg</fanart>
        <banner></banner>
        <screenshot></screenshot>
    </assets>
	</extension>
</addon>
